pin_url,pin_id,title,description,image_url,search_term,scraped_date
https://www.pinterest.com/pin/893894226026078395/,893894226026078395,"Tree Pose: How to do Vrikshasana? Step-by-Step Guide for beginners | Tree pose, Yoga tree pose, Yoga","Tree Pose: How to do Vrikshasana? Step-by-Step Guide for beginners | Tree pose, Yoga tree pose, Yoga",https://i.pinimg.com/236x/88/b6/f7/88b6f7c7629c0e3d827f5e392f65fabd.jpg,Vrikshasana,2025-09-05 21:09:54
https://www.pinterest.com/pin/2744449768979467/,2744449768979467,This may contain: a woman doing yoga in front of a lake,This may contain: a woman doing yoga in front of a lake,https://i.pinimg.com/videos/thumbnails/originals/17/b6/bf/17b6bf9c4b68a79c5f5b63219e681a28.0000000.jpg,Vrikshasana,2025-09-05 21:09:54
https://www.pinterest.com/pin/665477282475062015/,665477282475062015,Vrikshasana (Tree Pose) for health for good,Vrikshasana (Tree Pose) for health for good,https://i.pinimg.com/236x/3c/94/8f/3c948f441b72be772f19759e07eb1ad0.jpg,Vrikshasana,2025-09-05 21:09:54
https://www.pinterest.com/pin/370561875569720983/,370561875569720983,"Vrkasana yoga asana | Yoga asanas, Outfits, Middleton","Vrkasana yoga asana | Yoga asanas, Outfits, Middleton",https://i.pinimg.com/236x/99/e3/ae/99e3ae8b9063e95a112398d01e232bee.jpg,Vrikshasana,2025-09-05 21:09:55
https://www.pinterest.com/pin/956522408363200287/,956522408363200287,"Rooted in nature, rising in balance. üåøüßò‚Äç‚ôÄÔ∏è in 2025 | Morning yoga, Yoga photography, Yogi lifestyle","Rooted in nature, rising in balance. üåøüßò‚Äç‚ôÄÔ∏è in 2025 | Morning yoga, Yoga photography, Yogi lifestyle",https://i.pinimg.com/236x/8b/ff/bf/8bffbf5534ac769e5417a37f744a013e.jpg,Vrikshasana,2025-09-05 21:09:55
https://www.pinterest.com/pin/349943833565353576/,349943833565353576,"Virabhadrasana III Benefits and Steps to do Warrior 3 Pose | Yoga, Guerreros, Posiciones","Virabhadrasana III Benefits and Steps to do Warrior 3 Pose | Yoga, Guerreros, Posiciones",https://i.pinimg.com/236x/b6/27/18/b62718052ae8e14c4d6dc1d6c87dc6e1.jpg,Vrikshasana,2025-09-05 21:09:55
https://www.pinterest.com/pin/3659243437562893/,3659243437562893,"Tree Pose | Yoga poses for beginners, Yoga for flexibility, Yoga for beginners","Tree Pose | Yoga poses for beginners, Yoga for flexibility, Yoga for beginners",https://i.pinimg.com/236x/09/6a/a4/096aa4ad4d845750f028df2e48392bc3.jpg,Vrikshasana,2025-09-05 21:09:55
https://www.pinterest.com/pin/1096556209266300803/,1096556209266300803,"Graceful Tree Pose at Sunrise Embrace Balance and Inner Peace | Tree pose, Sunrise, Serenity","Graceful Tree Pose at Sunrise Embrace Balance and Inner Peace | Tree pose, Sunrise, Serenity",https://i.pinimg.com/236x/db/94/96/db9496805fa0ec497e1b44682dc90810.jpg,Vrikshasana,2025-09-05 21:09:55
https://www.pinterest.com/pin/311944711689604509/,311944711689604509,"200 Hour Yoga Teacher Traning Course in Rishikesh, India | Yoga education, Yoga girl, Rishikesh yoga","200 Hour Yoga Teacher Traning Course in Rishikesh, India | Yoga education, Yoga girl, Rishikesh yoga",https://i.pinimg.com/236x/3b/a5/11/3ba511d40c4f7bb1fa4eadaa386966a3.jpg,Vrikshasana,2025-09-05 21:09:55
https://www.pinterest.com/pin/255368241360951225/,255368241360951225,"Vrikshasana (Tree Pose) - Yoga for Beginners: Vriksha means tree and Asana means pose. | Standing yoga poses, Yoga poses, Basic yoga poses","Vrikshasana (Tree Pose) - Yoga for Beginners: Vriksha means tree and Asana means pose. | Standing yoga poses, Yoga poses, Basic yoga poses",https://i.pinimg.com/236x/2d/5b/62/2d5b62a83c8b98e9e32499ff8e977939.jpg,Vrikshasana,2025-09-05 21:09:55
https://www.pinterest.com/pin/17170042325134605/,17170042325134605,Pin on Rishikesh Yog Mandir School,Pin on Rishikesh Yog Mandir School,https://i.pinimg.com/236x/dc/6c/b1/dc6cb1021e78001ffc28146754ab21a7.jpg,Vrikshasana,2025-09-05 21:09:55
https://www.pinterest.com/pin/729935052131302940/,729935052131302940,"How to Perform Tree Pose as a Beginner | Vrikshasana Yoga Pose | Standing yoga poses, Yoga poses, Yoga stretches","How to Perform Tree Pose as a Beginner | Vrikshasana Yoga Pose | Standing yoga poses, Yoga poses, Yoga stretches",https://i.pinimg.com/236x/d3/85/f6/d385f6dba43517e2426764889931672a.jpg,Vrikshasana,2025-09-05 21:09:55
https://www.pinterest.com/pin/661044051599729830/,661044051599729830,Pin on Social,Pin on Social,https://i.pinimg.com/236x/ce/6f/d4/ce6fd4bd4b93eb96ace5ea0abbafdf71.jpg,Vrikshasana,2025-09-05 21:09:55
https://www.pinterest.com/pin/319614904829416874/,319614904829416874,"Tree Pose (Vrikshasana) - The Yoga Nomads in 2025 | Yoga for beginners, Easy yoga poses, Yoga poses","Tree Pose (Vrikshasana) - The Yoga Nomads in 2025 | Yoga for beginners, Easy yoga poses, Yoga poses",https://i.pinimg.com/236x/4c/fc/41/4cfc41393bc0d21c18a13168faca3258.jpg,Vrikshasana,2025-09-05 21:09:55
https://www.pinterest.com/pin/699746860855314930/,699746860855314930,Pin on Medita√ß√£o,Pin on Medita√ß√£o,https://i.pinimg.com/236x/4e/6e/57/4e6e5774d8b1f199ef280e2240be4756.jpg,Vrikshasana,2025-09-05 21:09:55
https://www.pinterest.com/pin/481111172715690063/,481111172715690063,Pin on Izzy Mae üéÄü•πü•∞,Pin on Izzy Mae üéÄü•πü•∞,https://i.pinimg.com/236x/80/f9/48/80f9483835e676bdea88d6dbd40ba3a0.jpg,Vrikshasana,2025-09-05 21:09:55
https://www.pinterest.com/pin/1407443619796317/,1407443619796317,"Vrikshasana | Anatom√≠a de yoga, Cuerpo humano anatomia, Cuerpo humano","Vrikshasana | Anatom√≠a de yoga, Cuerpo humano anatomia, Cuerpo humano",https://i.pinimg.com/236x/57/20/ef/5720ef6bf3aad35ef3771f14362bba83.jpg,Vrikshasana,2025-09-05 21:09:55
https://www.pinterest.com/pin/179158891403276853/,179158891403276853,Vrikshasana,Vrikshasana,https://i.pinimg.com/236x/b4/bd/a1/b4bda18befdc39ed6930d72ec7a33e3b.jpg,Vrikshasana,2025-09-05 21:09:55
https://www.pinterest.com/pin/146789269087879969/,146789269087879969,"The Vrikshasana print ($28) is a small reminder of how intrinsically tied yoga is to nature ‚Äî¬† what better way ‚Ä¶ | Yoga art, Yoga illustration, Personalized map art","The Vrikshasana print ($28) is a small reminder of how intrinsically tied yoga is to nature ‚Äî¬† what better way ‚Ä¶ | Yoga art, Yoga illustration, Personalized map art",https://i.pinimg.com/236x/6c/14/cd/6c14cd8a8cfc84556805eda8c6b31318.jpg,Vrikshasana,2025-09-05 21:09:55
https://www.pinterest.com/pin/1107533733383249716/,1107533733383249716,Pin on Social,Pin on Social,https://i.pinimg.com/236x/47/b8/b7/47b8b701243e00c0cb0a3de7e32c22e0.jpg,Vrikshasana,2025-09-05 21:09:55
https://www.pinterest.com/pin/770889661243697545/,770889661243697545,Pin de Luna Nieves en Arteu | Yoga,Pin de Luna Nieves en Arteu | Yoga,https://i.pinimg.com/236x/70/7e/5c/707e5ced6716cd5e8425aac74e376820.jpg,Vrikshasana,2025-09-05 21:09:55
https://www.pinterest.com/pin/908319818605927146/,908319818605927146,"Vrksasana or Tree Pose in 2025 | Easy yoga workouts, Leg pain, Tree pose","Vrksasana or Tree Pose in 2025 | Easy yoga workouts, Leg pain, Tree pose",https://i.pinimg.com/236x/52/69/78/526978a69fc84e9679e51540746c5e61.jpg,Vrikshasana,2025-09-05 21:09:55
https://www.pinterest.com/pin/438678819972424385/,438678819972424385,"Downward Facing Tree Pose | Inversions yoga poses, Yoga poses, Yoga poses advanced","Downward Facing Tree Pose | Inversions yoga poses, Yoga poses, Yoga poses advanced",https://i.pinimg.com/236x/53/17/1e/53171e2090189e83542659ba2b272a3c.jpg,Vrikshasana,2025-09-05 21:09:55
https://www.pinterest.com/pin/1055883075145636975/,1055883075145636975,"People of all ages in tree pose yoga ‚Äì by Kavalenkava Volha in 2025 | Tree pose, Poses, Vector illustration","People of all ages in tree pose yoga ‚Äì by Kavalenkava Volha in 2025 | Tree pose, Poses, Vector illustration",https://i.pinimg.com/236x/b3/ed/8b/b3ed8b07f81dca67599a4a27f9ca52b2.jpg,Vrikshasana,2025-09-05 21:09:55
https://www.pinterest.com/pin/351562314638193549/,351562314638193549,"Pin by Jo Thornton - Confidence Boost on Health thoughts | Yoga, Yoga poses, Best yoga","Pin by Jo Thornton - Confidence Boost on Health thoughts | Yoga, Yoga poses, Best yoga",https://i.pinimg.com/236x/bf/60/67/bf6067c297dda6d8cd47f7d6b385d8fd.jpg,Vrikshasana,2025-09-05 21:09:55
https://www.pinterest.com/pin/335870084729728758/,335870084729728758,"Yoga Tree of Life"" 12 X 17 "" Buddha Tree Woman Chakras Kundalini Om Yoga Vrikshasana - Etsy in 2025 | Yoga art painting, Yoga art, Painting canvases","Yoga Tree of Life"" 12 X 17 "" Buddha Tree Woman Chakras Kundalini Om Yoga Vrikshasana - Etsy in 2025 | Yoga art painting, Yoga art, Painting canvases",https://i.pinimg.com/236x/0f/ea/56/0fea56cfb56d665d8a547157f456224a.jpg,Vrikshasana,2025-09-05 21:09:55
https://www.pinterest.com/pin/676947387754357425/,676947387754357425,"Picture of a cat performing vrikshasana with mandala pattern on blue background, yoga and meditation concept | Premium Vector | Gatos, Vetores, Mandala","Picture of a cat performing vrikshasana with mandala pattern on blue background, yoga and meditation concept | Premium Vector | Gatos, Vetores, Mandala",https://i.pinimg.com/236x/be/a3/38/bea338a32e882eee0cc1fbcee0b75519.jpg,Vrikshasana,2025-09-05 21:09:55
https://www.pinterest.com/pin/502432902180380864/,502432902180380864,"Yoga Haltung Baum Vrikshasana im Wald mit Blume des Lebens - Yogastudio Design | Yoga baum, Yoga inspiration, Yoga","Yoga Haltung Baum Vrikshasana im Wald mit Blume des Lebens - Yogastudio Design | Yoga baum, Yoga inspiration, Yoga",https://i.pinimg.com/236x/31/00/fe/3100fe331ee4376e9dd4dfd2f85313a2.jpg,Vrikshasana,2025-09-05 21:09:55
https://www.pinterest.com/pin/478929741643404973/,478929741643404973,"Drawing of vrikshasana | Yoga images, Drawings, School painting","Drawing of vrikshasana | Yoga images, Drawings, School painting",https://i.pinimg.com/236x/18/e6/b0/18e6b060016811624ea87656f2cc1efd.jpg,Vrikshasana,2025-09-05 21:09:55
https://www.pinterest.com/pin/789467009711014696/,789467009711014696,Pin on The benefits of Yoga,Pin on The benefits of Yoga,https://i.pinimg.com/236x/f6/02/f6/f602f6fc2ec187d66ecbf2a281a59cc6.jpg,Vrikshasana,2025-09-05 21:09:55
https://www.pinterest.com/pin/337207090821821511/,337207090821821511,"#Vrikshasana (#Tree_Pose) in Yoga | Yoga poses for beginners, Yoga poses, How to do yoga","#Vrikshasana (#Tree_Pose) in Yoga | Yoga poses for beginners, Yoga poses, How to do yoga",https://i.pinimg.com/236x/5e/9a/d2/5e9ad2e482c294aef9ea0bf46633caac.jpg,Vrikshasana,2025-09-05 21:09:55
https://www.pinterest.com/pin/224405993909782511/,224405993909782511,"Asana Tip: Vrikshasana (Tree Pose) | Yoga for beginners, Tree pose, Yoga articles","Asana Tip: Vrikshasana (Tree Pose) | Yoga for beginners, Tree pose, Yoga articles",https://i.pinimg.com/236x/43/5f/81/435f813552d777cdc0aaad1c1af00c4a.jpg,Vrikshasana,2025-09-05 21:09:55
https://www.pinterest.com/pin/1618549855288720/,1618549855288720,"The Top 10 Yoga Poses to Practice Every Day | Yoga for beginners, Yoga benefits, Yoga help","The Top 10 Yoga Poses to Practice Every Day | Yoga for beginners, Yoga benefits, Yoga help",https://i.pinimg.com/236x/af/a1/71/afa171c8fc7f5e49fe9394aa3ff009f0.jpg,Vrikshasana,2025-09-05 21:10:00
https://www.pinterest.com/pin/24699497975346552/,24699497975346552,"Pin by Tami Sims-Blake on yoga | Iyengar yoga, Yoga asanas, Yoga thoughts","Pin by Tami Sims-Blake on yoga | Iyengar yoga, Yoga asanas, Yoga thoughts",https://i.pinimg.com/236x/bc/2f/d3/bc2fd39efbf44f8fd6396ffdf0610e52.jpg,Vrikshasana,2025-09-05 21:10:00
https://www.pinterest.com/pin/649785052457165345/,649785052457165345,"Swaying Palm Tree Pose SANSKRIT NAME Tiryak Tala-Vrikshasana | Yoga poses, Poses, Tree pose","Swaying Palm Tree Pose SANSKRIT NAME Tiryak Tala-Vrikshasana | Yoga poses, Poses, Tree pose",https://i.pinimg.com/236x/85/1d/7f/851d7fdb44f15265b8458fa176f2d2a1.jpg,Vrikshasana,2025-09-05 21:10:00
https://www.pinterest.com/pin/43839796360164512/,43839796360164512,"These are the benefits of Vrikshasana | Tree pose, Standing tree pose, Poses","These are the benefits of Vrikshasana | Tree pose, Standing tree pose, Poses",https://i.pinimg.com/236x/b2/90/16/b29016267251d044fcc9d32a6fb4062c.jpg,Vrikshasana,2025-09-05 21:10:00
https://www.pinterest.com/pin/477733472952634901/,477733472952634901,"YogaEsoteric :: VRIKSHASANA or the tree posture :: | Postures, Tree pose, Poses","YogaEsoteric :: VRIKSHASANA or the tree posture :: | Postures, Tree pose, Poses",https://i.pinimg.com/236x/28/bc/b7/28bcb75d037352f749f82cac154f946c.jpg,Vrikshasana,2025-09-05 21:10:00
https://www.pinterest.com/pin/73535406407557948/,73535406407557948,"La posture de l‚Äôarbre | Yoga for beginners, Tummy workout, Pilates routine","La posture de l‚Äôarbre | Yoga for beginners, Tummy workout, Pilates routine",https://i.pinimg.com/236x/73/b8/b8/73b8b8f6ef6574c6d76f5136ad0df86a.jpg,Vrikshasana,2025-09-05 21:10:00
https://www.pinterest.com/pin/1337074869164221/,1337074869164221,"tree pose + benefits, modifications and tips | Yoga benefits, Yoga for beginners, Yoga help","tree pose + benefits, modifications and tips | Yoga benefits, Yoga for beginners, Yoga help",https://i.pinimg.com/236x/d1/d6/a3/d1d6a37262e5e445cac911e6fa01a492.jpg,Vrikshasana,2025-09-05 21:10:00
https://www.pinterest.com/pin/508414245434951784/,508414245434951784,Pin on Yoga,Pin on Yoga,https://i.pinimg.com/236x/4e/3b/63/4e3b63cd65b5d22b18e5dcd7656a6eda.jpg,Vrikshasana,2025-09-05 21:10:00
https://www.pinterest.com/pin/37154765671007265/,37154765671007265,"Katja PeÃÅrez on Instagram: ""I've been doing more yoga recently and it's reminding me just how good it makes me feel. There's something about tree pose and other‚Ä¶ | Canvas art painting, Art painting, Painting art projects","Katja PeÃÅrez on Instagram: ""I've been doing more yoga recently and it's reminding me just how good it makes me feel. There's something about tree pose and other‚Ä¶ | Canvas art painting, Art painting, Painting art projects",https://i.pinimg.com/236x/f3/ee/5d/f3ee5d652acb224c015a0e9174200739.jpg,Vrikshasana,2025-09-05 21:10:00
https://www.pinterest.com/pin/12455336470826739/,12455336470826739,"Tree Pose in 2025 | Yoga kunst, Yoga posen, Yoga inspiration","Tree Pose in 2025 | Yoga kunst, Yoga posen, Yoga inspiration",https://i.pinimg.com/236x/b7/00/8d/b7008d87d7b709a6d0a9d663f60151ae.jpg,Vrikshasana,2025-09-05 21:10:00
https://www.pinterest.com/pin/12103492739926419/,12103492739926419,Pin en Ioga,Pin en Ioga,https://i.pinimg.com/236x/af/86/59/af8659103fadfa295ea211538e911e43.jpg,Vrikshasana,2025-09-05 21:10:00
https://www.pinterest.com/pin/424393964902372589/,424393964902372589,"Anja Hartl I Yoga und Anatomie on Instagram: ""Vrikshasana - die Baumhaltung üå≥ Die perfekte Haltung f√ºr Anf√§nger!  Du kannst in 3 Leveln √ºben: 1Ô∏è‚É£ stell den Fu√ü‚Ä¶ | Yoga, √úben, Anatomie","Anja Hartl I Yoga und Anatomie on Instagram: ""Vrikshasana - die Baumhaltung üå≥ Die perfekte Haltung f√ºr Anf√§nger!  Du kannst in 3 Leveln √ºben: 1Ô∏è‚É£ stell den Fu√ü‚Ä¶ | Yoga, √úben, Anatomie",https://i.pinimg.com/236x/80/ed/68/80ed684e22b39f222c0fb45972842a65.jpg,Vrikshasana,2025-09-05 21:10:00
https://www.pinterest.com/pin/471470654749045340/,471470654749045340,"How to do tree pose. | Yoga tips, Yoga benefits, Yoga asanas","How to do tree pose. | Yoga tips, Yoga benefits, Yoga asanas",https://i.pinimg.com/236x/2b/89/f9/2b89f931cf8ee93ac58b4b0ffee03f3c.jpg,Vrikshasana,2025-09-05 21:10:00
https://www.pinterest.com/pin/222717144065127049/,222717144065127049,Pin on Trimurtiyoga Bali,Pin on Trimurtiyoga Bali,https://i.pinimg.com/236x/5a/d8/61/5ad86130a04c1a668174d234d90bdec8.jpg,Vrikshasana,2025-09-05 21:10:00
https://www.pinterest.com/pin/844002786442226209/,844002786442226209,This may contain: a woman is doing yoga in front of a wall with palm leaves,This may contain: a woman is doing yoga in front of a wall with palm leaves,https://i.pinimg.com/videos/thumbnails/originals/f0/d4/32/f0d432a59272c9cee5fb2c078414ddb7.0000000.jpg,Vrikshasana,2025-09-05 21:10:00
https://www.pinterest.com/pin/351912466612221/,351912466612221,"Pin by C.k. Tice on Chakras | Qigong, Reiki symbols, Alternative healing","Pin by C.k. Tice on Chakras | Qigong, Reiki symbols, Alternative healing",https://i.pinimg.com/236x/8c/72/d8/8c72d8152817c4afa8f3457d7d522f21.jpg,Vrikshasana,2025-09-05 21:10:00
https://www.pinterest.com/pin/1055883075114759673/,1055883075114759673,"Vrikshasana (Tree Pose) | All yoga poses, Tree pose, Yoga poses","Vrikshasana (Tree Pose) | All yoga poses, Tree pose, Yoga poses",https://i.pinimg.com/236x/29/44/b5/2944b5b5421f782a7b0037d075194b7c.jpg,Vrikshasana,2025-09-05 21:10:00
https://www.pinterest.com/pin/30188259995499498/,30188259995499498,"What are The Five Prana | The 5 Vital Energies | Yoga poses, Pranayama, Yoga tips","What are The Five Prana | The 5 Vital Energies | Yoga poses, Pranayama, Yoga tips",https://i.pinimg.com/236x/c5/75/2e/c5752ec68f1db9083b5d28e323a80f7f.jpg,Vrikshasana,2025-09-05 21:10:00
https://www.pinterest.com/pin/543317142523916644/,543317142523916644,"10 Benefits Of Yoga For Teenagers And 13 Simple Poses | Yoga poses for beginners, Easy yoga poses, Yoga poses","10 Benefits Of Yoga For Teenagers And 13 Simple Poses | Yoga poses for beginners, Easy yoga poses, Yoga poses",https://i.pinimg.com/236x/a8/ae/18/a8ae18f9623cd0c786c168ea47cef477.jpg,Vrikshasana,2025-09-05 21:10:00
https://www.pinterest.com/pin/581597739365405647/,581597739365405647,Pinterest,Pinterest,https://i.pinimg.com/236x/b6/92/43/b69243f980cacbedc8c47ad4841b007d.jpg,Vrikshasana,2025-09-05 21:10:00
https://www.pinterest.com/pin/142074563236213001/,142074563236213001,"Yoga over 40 | Benefici dello Yoga per la donna dopo 40 anni | Esercizi di yoga, Pose yoga, Addominali yoga","Yoga over 40 | Benefici dello Yoga per la donna dopo 40 anni | Esercizi di yoga, Pose yoga, Addominali yoga",https://i.pinimg.com/236x/c5/94/52/c59452c3c68b9dfb433fa0adad5ae0bb.jpg,Vrikshasana,2025-09-05 21:10:00
https://www.pinterest.com/pin/4597823498074008064/,4597823498074008064,"NAMASTA - vrikshasana - The tree pose in Yoga Sticker in 2025 | Tree pose, Yoga stickers, Poses","NAMASTA - vrikshasana - The tree pose in Yoga Sticker in 2025 | Tree pose, Yoga stickers, Poses",https://i.pinimg.com/236x/b9/a4/6f/b9a46f4ecb97a5a0953689b7ee0a9c20.jpg,Vrikshasana,2025-09-05 21:10:00
https://www.pinterest.com/pin/46091596160743824/,46091596160743824,"Utthita Hasta Padangustasana - By Jenni at Ihana Yoga. | Yoga photoshoot, Yoga photos, Yoga poses","Utthita Hasta Padangustasana - By Jenni at Ihana Yoga. | Yoga photoshoot, Yoga photos, Yoga poses",https://i.pinimg.com/236x/93/cd/d2/93cdd2da27c4a9b5969fd1f975a783b5.jpg,Vrikshasana,2025-09-05 21:10:00
https://www.pinterest.com/pin/43839796360170844/,43839796360170844,Pin on Yoga,Pin on Yoga,https://i.pinimg.com/236x/f6/e5/0d/f6e50d252baf6e74ba224a37f1e7858f.jpg,Vrikshasana,2025-09-05 21:10:00
https://www.pinterest.com/pin/351632683422038538/,351632683422038538,"Come Fare Vrikshasana (Posizione Dell'Albero) | Yoga per principianti, Esercizi di yoga, Yoga","Come Fare Vrikshasana (Posizione Dell'Albero) | Yoga per principianti, Esercizi di yoga, Yoga",https://i.pinimg.com/236x/e3/c7/ce/e3c7ce15c02080bc0601da9c0436ab2b.jpg,Vrikshasana,2025-09-05 21:10:00
https://www.pinterest.com/pin/832040099946747236/,832040099946747236,"Start your day with these 5 easy yoga poses üßòü§∏ in 2025 | Easy yoga poses, Yoga poses, Easy yoga","Start your day with these 5 easy yoga poses üßòü§∏ in 2025 | Easy yoga poses, Yoga poses, Easy yoga",https://i.pinimg.com/236x/42/d3/6c/42d36ce6212ab58eca794a1101a9fc8d.jpg,Vrikshasana,2025-09-05 21:10:00
https://www.pinterest.com/pin/130393351705202112/,130393351705202112,"Yoga asanas drop shadow black icons set. Sarvangasana, halasana, bakasana, uttanasana, siddhasana, vrikshasana, vrishchikasana yo‚Ä¶ | Yoga asanas, Yoga, Yoga anatomy","Yoga asanas drop shadow black icons set. Sarvangasana, halasana, bakasana, uttanasana, siddhasana, vrikshasana, vrishchikasana yo‚Ä¶ | Yoga asanas, Yoga, Yoga anatomy",https://i.pinimg.com/236x/cb/c1/74/cbc1742f3bc62ed3cfc2443817f77bf7.jpg,Vrikshasana,2025-09-05 21:10:00
https://www.pinterest.com/pin/305259681001219507/,305259681001219507,Pin on Apples,Pin on Apples,https://i.pinimg.com/236x/03/15/e4/0315e4d3d54b5c854bf62db74c158fec.jpg,Vrikshasana,2025-09-05 21:10:00
https://www.pinterest.com/pin/193654852718711086/,193654852718711086,This may contain: a woman standing on a yoga mat in front of a brick wall with the words stretch and straighten the legs and tendons in your feet,This may contain: a woman standing on a yoga mat in front of a brick wall with the words stretch and straighten the legs and tendons in your feet,https://i.pinimg.com/videos/thumbnails/originals/49/3f/ee/493fee761d4d1e41f025f09f7252088e.0000000.jpg,Vrikshasana,2025-09-05 21:10:01
https://www.pinterest.com/pin/167477679891305888/,167477679891305888,"Lift Through the Heart, Ground Through the Feet Bridge Pose in 2025 | Yoga poses, Yoga challenge, Yoga videos","Lift Through the Heart, Ground Through the Feet Bridge Pose in 2025 | Yoga poses, Yoga challenge, Yoga videos",https://i.pinimg.com/236x/35/4f/46/354f46a0a5c069180f4e29ef56b0c707.jpg,Vrikshasana,2025-09-05 21:10:01
https://www.pinterest.com/pin/580542208231973816/,580542208231973816,"bks iyengar yoga Yoga | Yoga poses, Yoga quotes, Yoga","bks iyengar yoga Yoga | Yoga poses, Yoga quotes, Yoga",https://i.pinimg.com/236x/99/8b/39/998b39a18ebe45585672ef86e0b138b1.jpg,Vrikshasana,2025-09-05 21:10:01
https://www.pinterest.com/pin/1477812372432655/,1477812372432655,"Pin by Hrefna Sigurj√≥nsd√≥ttir on Yoga | Yoga anatomy, Yoga muscles, Yoga training","Pin by Hrefna Sigurj√≥nsd√≥ttir on Yoga | Yoga anatomy, Yoga muscles, Yoga training",https://i.pinimg.com/236x/90/92/c4/9092c4253b3913664b6aab1699e463f2.jpg,Vrikshasana,2025-09-05 21:10:01
https://www.pinterest.com/pin/1759287344635674/,1759287344635674,"Vrikshasana (Posizione Dell'Albero) | Esercizi di yoga, Yoga, Ashtanga yoga","Vrikshasana (Posizione Dell'Albero) | Esercizi di yoga, Yoga, Ashtanga yoga",https://i.pinimg.com/236x/b3/fa/d1/b3fad1ec4b3d6a84b6adce0a0c16202b.jpg,Vrikshasana,2025-09-05 21:10:01
https://www.pinterest.com/pin/373517362830802682/,373517362830802682,"Posture Yoga : la posture de l'Arbre ou Vrikshasana | Posture de yoga, Yoga nidra, Posture","Posture Yoga : la posture de l'Arbre ou Vrikshasana | Posture de yoga, Yoga nidra, Posture",https://i.pinimg.com/236x/3c/43/e9/3c43e9a66632928df2f69493621a81d1.jpg,Vrikshasana,2025-09-05 21:10:04
https://www.pinterest.com/pin/108930884729770108/,108930884729770108,"Yoga Practice on Instagram: ""Reel by @_theyogagirl ‚†Ä ‚ú®10 Standing Poses for Beginners ‚ú® ‚†Ä üî± Do proper Warm Up before doing these poses üî±While holding , do nor‚Ä¶","Yoga Practice on Instagram: ""Reel by @_theyogagirl ‚†Ä ‚ú®10 Standing Poses for Beginners ‚ú® ‚†Ä üî± Do proper Warm Up before doing these poses üî±While holding , do nor‚Ä¶",https://i.pinimg.com/236x/52/63/02/52630253bb417089de2ff7784955dc63.jpg,Vrikshasana,2025-09-05 21:10:04
https://www.pinterest.com/pin/422281210623241/,422281210623241,"Ardha Chandrasana, Postura de la mitja Lluna. | Yoga art, Ethereal art, Book illustration art","Ardha Chandrasana, Postura de la mitja Lluna. | Yoga art, Ethereal art, Book illustration art",https://i.pinimg.com/236x/88/64/9f/88649fa6ffef9df4bdee0e046099ea63.jpg,Vrikshasana,2025-09-05 21:10:05
https://www.pinterest.com/pin/213146994860253616/,213146994860253616,"Woman doing Palm Tree Pose, Upward Hand Stretch Pose, Upward Salute, Raised Hands Pose, Tadasana Urdhva Baddhanguliya‚Ä¶ | Poses, Tadasana pose drawing, Pilates poses","Woman doing Palm Tree Pose, Upward Hand Stretch Pose, Upward Salute, Raised Hands Pose, Tadasana Urdhva Baddhanguliya‚Ä¶ | Poses, Tadasana pose drawing, Pilates poses",https://i.pinimg.com/236x/c5/03/ba/c503bad4ef2d4169c9740349b5e387cb.jpg,Vrikshasana,2025-09-05 21:10:05
https://www.pinterest.com/pin/798966790132389918/,798966790132389918,"7 Best Yoga Poses To Relieve Allergic Rhinitis | Yoga poses, Yoga asanas, Cool yoga poses","7 Best Yoga Poses To Relieve Allergic Rhinitis | Yoga poses, Yoga asanas, Cool yoga poses",https://i.pinimg.com/236x/dc/f7/9e/dcf79e33522ee8019aff0ba4e03e1111.jpg,Vrikshasana,2025-09-05 21:10:05
https://www.pinterest.com/pin/4292562131126626/,4292562131126626,"Yoga pose of the week: Tree pose. | Yoga coloring book, Yoga for kids, Yoga drawing","Yoga pose of the week: Tree pose. | Yoga coloring book, Yoga for kids, Yoga drawing",https://i.pinimg.com/236x/53/a7/64/53a7644cf3a1d7fd75058d9e4cfee17a.jpg,Vrikshasana,2025-09-05 21:10:05
https://www.pinterest.com/pin/24769866694570943/,24769866694570943,"Nicht mehr wackeln im Yoga Baum ‚Äì Tipps | Yoga baum, Yoga, Yoga lernen","Nicht mehr wackeln im Yoga Baum ‚Äì Tipps | Yoga baum, Yoga, Yoga lernen",https://i.pinimg.com/236x/c3/c2/da/c3c2da52ce5c167faabd61a69444ea72.jpg,Vrikshasana,2025-09-05 21:10:05
https://www.pinterest.com/pin/16395986116602061/,16395986116602061,"classic vashistasana | Yoga balance poses, Yoga pictures, Yoga lifestyle","classic vashistasana | Yoga balance poses, Yoga pictures, Yoga lifestyle",https://i.pinimg.com/236x/22/2d/75/222d75ce38fd6960f34d840e5b45038e.jpg,Vrikshasana,2025-09-05 21:10:05
https://www.pinterest.com/pin/10625749114541077/,10625749114541077,"A Grounding Mudra You Can Practice Anytime, Anywhere | Mudras, Tree pose, Health and wellbeing","A Grounding Mudra You Can Practice Anytime, Anywhere | Mudras, Tree pose, Health and wellbeing",https://i.pinimg.com/236x/81/11/a8/8111a8c206766a315687eab9f9cbcca0.jpg,Vrikshasana,2025-09-05 21:10:05
https://www.pinterest.com/pin/569564684123382489/,569564684123382489,Pin on Yoga,Pin on Yoga,https://i.pinimg.com/236x/ff/11/ae/ff11ae6a030813a3862d711994f1fbde.jpg,Vrikshasana,2025-09-05 21:10:05
https://www.pinterest.com/pin/440297301074227534/,440297301074227534,"Jana Motta on Instagram: ""Voc√™s acreditam que eu nunca tinha feito Yoga? Minha primeira aula foi (na quarentena) na live que a minha querida amiga @fechiquetti ‚Ä¶","Jana Motta on Instagram: ""Voc√™s acreditam que eu nunca tinha feito Yoga? Minha primeira aula foi (na quarentena) na live que a minha querida amiga @fechiquetti ‚Ä¶",https://i.pinimg.com/236x/fe/6c/c9/fe6cc9b90517034ee93507b309a46170.jpg,Vrikshasana,2025-09-05 21:10:05
https://www.pinterest.com/pin/23081016835045842/,23081016835045842,Pin on Yoga,Pin on Yoga,https://i.pinimg.com/236x/e1/00/58/e1005890d8aad9c14ac99b2554136fc0.jpg,Vrikshasana,2025-09-05 21:10:05
https://www.pinterest.com/pin/4597753116146030592/,4597753116146030592,"Understanding Yoga's Hindu Heritage - Educational Sanskrit Pose Guide - Etsy UK in 2025 | Yoga education, Yoga thoughts, Teaching yoga","Understanding Yoga's Hindu Heritage - Educational Sanskrit Pose Guide - Etsy UK in 2025 | Yoga education, Yoga thoughts, Teaching yoga",https://i.pinimg.com/236x/c6/9c/44/c69c4472430eea930b32461ca5a90110.jpg,Vrikshasana,2025-09-05 21:10:05
https://www.pinterest.com/pin/1099511696539018205/,1099511696539018205,"Yoga at Lovatnet Lake, Norway in 2025 | Yoga travel, Norway fjords, Yoga photography","Yoga at Lovatnet Lake, Norway in 2025 | Yoga travel, Norway fjords, Yoga photography",https://i.pinimg.com/236x/b5/5d/35/b55d35fc8c3c79cc55a3ede343d20ae4.jpg,Vrikshasana,2025-09-05 21:10:05
https://www.pinterest.com/pin/1038220520331189598/,1038220520331189598,"Rubika Rana on Instagram: ""SAVE SHARE & Join Yoga classes 1. Tadasana (Mountain Pose): Benefits: Tadasana improves posture, strengthens leg muscles, and promote‚Ä¶ | Body awareness, Improve posture, Yoga class","Rubika Rana on Instagram: ""SAVE SHARE & Join Yoga classes 1. Tadasana (Mountain Pose): Benefits: Tadasana improves posture, strengthens leg muscles, and promote‚Ä¶ | Body awareness, Improve posture, Yoga class",https://i.pinimg.com/236x/0a/25/05/0a2505335ed2fc5edd5bb8677088c62e.jpg,Vrikshasana,2025-09-05 21:10:05
https://www.pinterest.com/pin/428897564538798475/,428897564538798475,"Pin by Nichole Sauter on Yoga | Asanas & Pranayama in 2025 | Yoga health, Hip socket, Yoga asanas","Pin by Nichole Sauter on Yoga | Asanas & Pranayama in 2025 | Yoga health, Hip socket, Yoga asanas",https://i.pinimg.com/236x/e6/38/06/e63806745f85124b29a06cc8498c1e8d.jpg,Vrikshasana,2025-09-05 21:10:05
https://www.pinterest.com/pin/725290714989128184/,725290714989128184,"Vrikshasana Tree Roots Leaves SVG / Tree Pose SVG / Yoga SVG / Yoga Silhouette / Namaste / Yoga Cricut / Cut File for Cricut and Silhouette - Etsy | Tree roots, Tree pose, Yoga tree","Vrikshasana Tree Roots Leaves SVG / Tree Pose SVG / Yoga SVG / Yoga Silhouette / Namaste / Yoga Cricut / Cut File for Cricut and Silhouette - Etsy | Tree roots, Tree pose, Yoga tree",https://i.pinimg.com/236x/15/7d/7b/157d7bed056c44f904665dd4402b1314.jpg,Vrikshasana,2025-09-05 21:10:05
https://www.pinterest.com/pin/440578776023052346/,440578776023052346,"Movement | Yoga inspiration, Yoga asanas, Ashtanga yoga","Movement | Yoga inspiration, Yoga asanas, Ashtanga yoga",https://i.pinimg.com/236x/b7/42/62/b74262df2f2dcd4ce430c58b686f7401.jpg,Vrikshasana,2025-09-05 21:10:05
https://www.pinterest.com/pin/459367230755965732/,459367230755965732,"Vrikshasana - The Tree Pose | Pranayama, Glowing skin, Cool yoga poses","Vrikshasana - The Tree Pose | Pranayama, Glowing skin, Cool yoga poses",https://i.pinimg.com/236x/7a/d7/28/7ad7287c91a18927fbbb0f9b90360517.jpg,Vrikshasana,2025-09-05 21:10:05
https://www.pinterest.com/pin/627267054331593426/,627267054331593426,Pin on fit,Pin on fit,https://i.pinimg.com/236x/3b/d5/bf/3bd5bf5d2110494020b536f986953c9d.jpg,Vrikshasana,2025-09-05 21:10:05
https://www.pinterest.com/pin/1091278553440269716/,1091278553440269716,"Woman practices yoga at home. Beautiful Plus Size Curvy Girl in Vrikshasana Position. Vector illustration by lucia_fox Vectors & ‚Ä¶ | Curvy girl, Yoga at home, Curvy","Woman practices yoga at home. Beautiful Plus Size Curvy Girl in Vrikshasana Position. Vector illustration by lucia_fox Vectors & ‚Ä¶ | Curvy girl, Yoga at home, Curvy",https://i.pinimg.com/236x/5d/b7/7f/5db77fce333f568c929a84de907f0be6.jpg,Vrikshasana,2025-09-05 21:10:05
https://www.pinterest.com/pin/137430226124189199/,137430226124189199,"Yoga Tree Pose on Pinterest | Yoga, Yoga Poses and Trees | Yoga tree, Yoga tree pose, Tree pose","Yoga Tree Pose on Pinterest | Yoga, Yoga Poses and Trees | Yoga tree, Yoga tree pose, Tree pose",https://i.pinimg.com/236x/f3/c3/47/f3c34744b20619d5c0e7a6b08c87bed6.jpg,Vrikshasana,2025-09-05 21:10:05
https://www.pinterest.com/pin/518476975869886007/,518476975869886007,"Warrior I: Strength, Balance, and Inner Power nel 2025","Warrior I: Strength, Balance, and Inner Power nel 2025",https://i.pinimg.com/236x/46/fc/72/46fc7206b383be7cecd7e77830c2f9db.jpg,Vrikshasana,2025-09-05 21:10:05
https://www.pinterest.com/pin/712694709756095400/,712694709756095400,"Yoga Episode-8 | Vriksasana-2 Poses | How To Do The Vrikshasana | Benefits | Easy yoga poses, Yoga poses, Poses","Yoga Episode-8 | Vriksasana-2 Poses | How To Do The Vrikshasana | Benefits | Easy yoga poses, Yoga poses, Poses",https://i.pinimg.com/236x/30/9b/e6/309be6c910940254ea4ffec06a10160a.jpg,Vrikshasana,2025-09-05 21:10:05
https://www.pinterest.com/pin/431430839328451128/,431430839328451128,"Vasisthasana ‚Äì Side Plank Pose

Vasisthasana strengthens the wrists, arms, shoulders and core. It improves balance, stability and concentration while incr‚Ä¶ in 2025 | Sozial","Vasisthasana ‚Äì Side Plank Pose

Vasisthasana strengthens the wrists, arms, shoulders and core. It improves balance, stability and concentration while incr‚Ä¶ in 2025 | Sozial",https://i.pinimg.com/236x/7d/51/08/7d51082133aa3a213982a7f1c4fb1d8b.jpg,Vrikshasana,2025-09-05 21:10:05
https://www.pinterest.com/pin/962855595342046761/,962855595342046761,"Handstand the Upside Down Tree in 2025 | Crossfit workouts, Fitness trends, Workout","Handstand the Upside Down Tree in 2025 | Crossfit workouts, Fitness trends, Workout",https://i.pinimg.com/236x/f8/53/9c/f8539c2554830c96aeae94f3a162ef28.jpg,Vrikshasana,2025-09-05 21:10:05
https://www.pinterest.com/pin/610378555805835212/,610378555805835212,"You will never be ready! Just start! 

As your private yoga teacher, I‚Äôm here to support your practice offline/online and w‚Ä¶ in 2025 | Private yoga, Pranayama, Yoga teacher","You will never be ready! Just start! 

As your private yoga teacher, I‚Äôm here to support your practice offline/online and w‚Ä¶ in 2025 | Private yoga, Pranayama, Yoga teacher",https://i.pinimg.com/236x/61/66/3c/61663cb73275aecab2826b7d1c31c8b4.jpg,Vrikshasana,2025-09-05 21:10:05
https://www.pinterest.com/pin/634585403749904733/,634585403749904733,YogaÏóê ÏûàÎäî ÌïÄ,YogaÏóê ÏûàÎäî ÌïÄ,https://i.pinimg.com/236x/6f/b9/ae/6fb9ae8d349bef6bc77576f405695009.jpg,Vrikshasana,2025-09-05 21:10:05
https://www.pinterest.com/pin/101542166598827011/,101542166598827011,"Tattwas and Antahkarana Instructions | Tantra art, Tantra, Spirit science","Tattwas and Antahkarana Instructions | Tantra art, Tantra, Spirit science",https://i.pinimg.com/236x/0d/05/37/0d0537fbf444f5b78ea13ff675cdb37c.jpg,Vrikshasana,2025-09-05 21:10:05
https://www.pinterest.com/pin/30891947436496712/,30891947436496712,"Handstand (Adho Mukha Vrksasana) ‚Äì Yoga Poses Guide by WorkoutLabs | Yoga poses advanced, Inversions yoga poses, Intermediate yoga poses","Handstand (Adho Mukha Vrksasana) ‚Äì Yoga Poses Guide by WorkoutLabs | Yoga poses advanced, Inversions yoga poses, Intermediate yoga poses",https://i.pinimg.com/236x/d8/e6/f1/d8e6f1c2b9289ad22a2b330b373ef09c.jpg,Vrikshasana,2025-09-05 21:10:05
https://www.pinterest.com/pin/4151824647956284/,4151824647956284,"Pin by Marta Ashi Luq Kami on Mobility stretches | Yoga facts, Yoga information, Yoga asanas","Pin by Marta Ashi Luq Kami on Mobility stretches | Yoga facts, Yoga information, Yoga asanas",https://i.pinimg.com/236x/f3/c7/b8/f3c7b822351207959a1ecfb846a9c7a0.jpg,Vrikshasana,2025-09-05 21:10:05
https://www.pinterest.com/pin/875668721306242273/,875668721306242273,"Discover the benefits of Tree Pose (Vrikshasana) and Upward-Facing Dog Pose (Urdhva Mukha Svanasana) in one simple yoga routine. Tree Pose improves balance, focus, and posture, while Upward-Facing Dog strengthens the spine, opens the chest, and boosts flexibility. Perfect for beginners and yoga enthusiasts, this 2-pose sequence can be practiced at home to increase energy, reduce stress, and improve overall body strength. Save this yoga guide to your Pinterest fitness board and start your daily w","Discover the benefits of Tree Pose (Vrikshasana) and Upward-Facing Dog Pose (Urdhva Mukha Svanasana) in one simple yoga routine. Tree Pose improves balance, focus, and posture, while Upward-Facing Dog strengthens the spine, opens the chest, and boosts flexibility. Perfect for beginners and yoga enthusiasts, this 2-pose sequence can be practiced at home to increase energy, reduce stress, and improve overall body strength. Save this yoga guide to your Pinterest fitness board and start your daily w",https://i.pinimg.com/236x/0d/d0/f4/0dd0f44884f092102f497e77fd4d0c2d.jpg,Vrikshasana,2025-09-05 21:10:05
https://www.pinterest.com/pin/29977153763523252/,29977153763523252,vishwamitrasana,vishwamitrasana,https://i.pinimg.com/236x/46/a2/6f/46a26f1427f7203e6d6a096d3f20cbfc.jpg,Vrikshasana,2025-09-05 21:10:06
https://www.pinterest.com/pin/615445105309663793/,615445105309663793,"Khushboo Chaurasiya on Instagram: ""@yoga class _ Vrikshasana.. üßò‚Äç‚ôÄÔ∏èüßò‚Äç‚ôÄÔ∏èüíûüíû... #active #running #fitnessfreak #gymfreak #yoga #gymflow #yogurt #fitnessfood #h‚Ä¶ | Yoga for kids, Yoga institute, Yoga","Khushboo Chaurasiya on Instagram: ""@yoga class _ Vrikshasana.. üßò‚Äç‚ôÄÔ∏èüßò‚Äç‚ôÄÔ∏èüíûüíû... #active #running #fitnessfreak #gymfreak #yoga #gymflow #yogurt #fitnessfood #h‚Ä¶ | Yoga for kids, Yoga institute, Yoga",https://i.pinimg.com/236x/ab/c8/26/abc8264fc8c16741c3ead1c2789a1f8d.jpg,Vrikshasana,2025-09-05 21:10:06
https://www.pinterest.com/pin/875668721306227276/,875668721306227276,"To Pose & Upward-Facing Dog Yoga ‚Äì Balance & Flexibility Boost in 2025 | Morning yoga, Yoga poses, Yoga for flexibility","To Pose & Upward-Facing Dog Yoga ‚Äì Balance & Flexibility Boost in 2025 | Morning yoga, Yoga poses, Yoga for flexibility",https://i.pinimg.com/236x/b5/9b/6f/b59b6fb4a3cb06c219fc27a0bfb8ce90.jpg,Vrikshasana,2025-09-05 21:10:06
